sequence,Rt,I
LGHF,2.7921939832,30263487.0
HLGF,2.7921939832,30263487.0
HSLF,2.7921939832,45661340.0
LSHF,2.7921939832,45661340.0
HSSF,2.2856448024,30769588.0
HF,2.7921939832,3065495.0
HGHF,2.123466470933,5698758.0
HHF,2.026335120833,5341206.0
LHGF,2.7921939832,30263487.0
HLSF,2.7921939832,45661340.0
LHSF,2.483557211733,1908143.0
