sequence,Rt,I
HSH,5.559750980233,50490003.0
SHH,5.559750980233,50490003.0
